<?xml version="1.0" encoding="UTF-8"?>

<!--
 * Copyright (c) 2024 Wesley Benica
 *
 * This program is free software: you can redistribute it and/or modify
 * it under the terms of the GNU General Public License as published by
 * the Free Software Foundation, either version 3 of the License, or
 * (at your option) any later version.
 *
 * This program is distributed in the hope that it will be useful,
 * but WITHOUT ANY WARRANTY; without even the implied warranty of
 * MERCHANTABILITY or FITNESS FOR A PARTICULAR PURPOSE. See the
 * GNU General Public License for more details.
 *
 * You should have received a copy of the GNU General Public License
 * along with this program. If not, see <https://www.gnu.org/licenses/>.
 -->

<schemalist>
    <schema id='org.gnome.shell.extensions.text-clock-ts' path='/org/gnome/shell/extensions/text-clock-ts/'>
        <key name='show-date' type='b'>
            <default>true</default>
            <summary>Show the date</summary>
            <description>
            Whether to show the date in addition to the time.
            </description>
        </key>
        <key name='fuzziness' type='s'>
            <default>"5"</default>
            <summary>Time fuzziness</summary>
            <description>
            The number of minutes to fuzz the displayed time by.
            </description>
        </key>
    </schema>
</schemalist>